,Train MAE,Test MAE,Train RMSE,Test RMSE,Train R2,Test R2
Linear Regression,4676869.553446806,9081730.753353741,9306332.475769289,18381271.54321483,0.8462813277106966,0.6336079767370729
Ridge,5838724.961797329,9247760.14266726,10144997.811480325,18210932.924480464,0.817327399191472,0.6403671970708957
Lasso,4676869.75942163,9115850.88848814,9306332.475769304,18368607.20040399,0.8462813277106962,0.6341126769369594
Elastic Net,5382138.543383172,9189079.9048666,9663540.001842635,18158321.51812944,0.834254405314276,0.6424421546276384
KNN,5035144.680851064,7238203.389830508,9671986.148204712,15530190.513636028,0.8339645481132811,0.7384537635249928
SVR,14439818.025017466,16161461.852202484,24791452.886134982,31739191.680094395,-0.09087114649058559,-0.09241242877296396
Decision Tree,2798846.449556398,7263555.929352582,4476108.164264983,16538424.686822234,0.9644392721055505,0.7033917762188033
Huber Regression,9286932.915902214,11159109.463880414,17355805.499995865,24404403.25064461,0.46536295742371936,0.3541505510047651
Bayesian Ridge,15753100.36208908,17284724.03527402,23736421.84202297,30437757.31013769,6.881384351231645e-12,-0.00466253734358224
Extra Trees,65911.34751773051,6245059.863465161,583205.1616027541,13218156.449432526,0.999396312456425,0.8105316451983087
Hist Gradient Boosting,3935110.7592640277,7905265.704563706,7600235.376296523,15278941.396272037,0.8974764627854354,0.746847955837276
