Actual_Price,Predicted_Price,Residual,Absolute_Error
240000000,220375833.3333333,19624166.666666687,19624166.666666687
14500000,15573728.199646534,-1073728.1996465344,1073728.1996465344
31500000,31005233.660130724,494766.3398692757,494766.3398692757
3000000,2216821.1189828673,783178.8810171327,783178.8810171327
6000000,6525186.88728451,-525186.8872845098,525186.8872845098
5400000,6131969.5604880275,-731969.5604880275,731969.5604880275
180000000,104815988.09523809,75184011.90476191,75184011.90476191
60000000,45832121.402878456,14167878.597121544,14167878.597121544
15800000,15179741.94139194,620258.0586080607,620258.0586080607
90000000,53487451.37399858,36512548.62600142,36512548.62600142
52300000,40181998.56633948,12118001.433660522,12118001.433660522
16000000,15543850.754490536,456149.2455094643,456149.2455094643
30000000,19903840.50259381,10096159.497406188,10096159.497406188
8000000,9367454.36108334,-1367454.36108334,1367454.36108334
14600000,13124076.388888888,1475923.611111112,1475923.611111112
2600000,3275007.790414731,-675007.790414731,675007.790414731
13500000,9049544.111495119,4450455.888504881,4450455.888504881
28900000,43254004.29368652,-14354004.293686517,14354004.293686517
6300000,9133898.91601589,-2833898.9160158895,2833898.9160158895
6000000,5580386.535722397,419613.46427760273,419613.46427760273
24000000,20939498.088277865,3060501.911722135,3060501.911722135
15000000,41874074.6652406,-26874074.6652406,26874074.6652406
3600000,3755683.78829102,-155683.78829101985,155683.78829101985
8100000,10536608.433862112,-2436608.4338621125,2436608.4338621125
10500000,8624230.773650313,1875769.2263496872,1875769.2263496872
2700000,3452995.1468933183,-752995.1468933183,752995.1468933183
6000000,9841308.369142411,-3841308.3691424113,3841308.3691424113
10200000,15780378.732469134,-5580378.732469134,5580378.732469134
40000000,26212814.92985715,13787185.07014285,13787185.07014285
2500000,4198088.9845284,-1698088.9845284,1698088.9845284
46000000,66051953.99461648,-20051953.99461648,20051953.99461648
16000000,20419214.130626425,-4419214.130626425,4419214.130626425
19000000,15548951.125962127,3451048.874037873,3451048.874037873
8300000,8045025.764039142,254974.23596085794,254974.23596085794
65000000,58433961.65536822,6566038.344631784,6566038.344631784
3500000,2212635.3782896893,1287364.6217103107,1287364.6217103107
23000000,16023235.526382186,6976764.4736178145,6976764.4736178145
75000000,69720931.60491468,5279068.39508532,5279068.39508532
1600000,3603318.971487079,-2003318.9714870788,2003318.9714870788
6000000,26139240.60457516,-20139240.60457516,20139240.60457516
5000000,6072378.956932077,-1072378.9569320772,1072378.9569320772
22000000,23901695.289848417,-1901695.289848417,1901695.289848417
6500000,6215844.206307974,284155.7936920263,284155.7936920263
13500000,13292859.946931286,207140.05306871422,207140.05306871422
1500000,2931796.355981658,-1431796.3559816582,1431796.3559816582
13600000,15707076.680679481,-2107076.6806794815,2107076.6806794815
24500000,24008249.3451692,491750.6548307985,491750.6548307985
6500000,11203339.264232803,-4703339.264232803,4703339.264232803
26000000,36630873.551525876,-10630873.551525876,10630873.551525876
26000000,25140307.12119474,859692.8788052611,859692.8788052611
20000000,19879710.57916406,120289.4208359383,120289.4208359383
26000000,28644787.627126273,-2644787.627126273,2644787.627126273
20000000,35713961.87913395,-15713961.879133947,15713961.879133947
13500000,15548951.125962127,-2048951.125962127,2048951.125962127
22000000,25233084.449989095,-3233084.4499890953,3233084.4499890953
5500000,5973119.710396988,-473119.7103969883,473119.7103969883
12000000,6691891.615865583,5308108.384134417,5308108.384134417
31000000,28871712.916327003,2128287.0836729966,2128287.0836729966
22000000,33518001.515151504,-11518001.515151504,11518001.515151504
18500000,18824482.432789177,-324482.4327891767,324482.4327891767
15000000,14521190.963560726,478809.0364392735,478809.0364392735
56000000,52929125.00000001,3070874.9999999925,3070874.9999999925
6000000,26665832.146961655,-20665832.146961655,20665832.146961655
37500000,29535726.890391327,7964273.109608673,7964273.109608673
16200000,15634490.663220653,565509.3367793467,565509.3367793467
40000000,39485950.94729186,514049.0527081415,514049.0527081415
3300000,2859334.3632297325,440665.6367702675,440665.6367702675
55000000,72527874.29971988,-17527874.299719885,17527874.299719885
10000000,14500109.500938348,-4500109.5009383485,4500109.5009383485
15500000,15927803.3771809,-427803.3771809004,427803.3771809004
20000000,15624804.009656377,4375195.990343623,4375195.990343623
7500000,7650950.825506584,-150950.8255065838,150950.8255065838
3200000,3223082.122278375,-23082.122278375085,23082.122278375085
1850000,2149178.258738368,-299178.2587383678,299178.2587383678
2940000,13953907.313064855,-11013907.313064855,11013907.313064855
21000000,16130327.890423961,4869672.109576039,4869672.109576039
51000000,51317193.33207644,-317193.3320764378,317193.3320764378
12000000,5246285.173051992,6753714.826948008,6753714.826948008
2670000,7788830.410291012,-5118830.410291012,5118830.410291012
4500000,2166385.3000466754,2333614.6999533246,2333614.6999533246
12000000,9327104.442735499,2672895.557264501,2672895.557264501
18000000,16597478.374818677,1402521.625181323,1402521.625181323
5500000,9093913.90024312,-3593913.9002431203,3593913.9002431203
7000000,3723992.2246512393,3276007.7753487607,3276007.7753487607
2200000,3217301.3347593574,-1017301.3347593574,1017301.3347593574
37500000,30244934.88860074,7255065.111399259,7255065.111399259
24700000,27188208.333333336,-2488208.333333336,2488208.333333336
6300000,9554261.519580482,-3254261.5195804816,3254261.5195804816
42500000,43831398.14923701,-1331398.149237007,1331398.149237007
3900000,5002511.146095687,-1102511.1460956866,1102511.1460956866
7300000,6140551.7407590365,1159448.2592409635,1159448.2592409635
16000000,5610264.963457102,10389735.036542898,10389735.036542898
2000000,2126259.868254335,-126259.86825433513,126259.86825433513
15800000,17804441.085943125,-2004441.0859431252,2004441.0859431252
40000000,33576190.290251404,6423809.709748596,6423809.709748596
9000000,9012534.82674156,-12534.826741559431,12534.826741559431
44000000,35918889.215686284,8081110.784313716,8081110.784313716
40000000,17111685.750945598,22888314.249054402,22888314.249054402
4500000,7660361.57026127,-3160361.57026127,3160361.57026127
12000000,11241183.81141774,758816.1885822602,758816.1885822602
8000000,27308856.89323032,-19308856.89323032,19308856.89323032
11500000,3802899.36858468,7697100.631415321,7697100.631415321
5500000,2152664.7364775827,3347335.2635224173,3347335.2635224173
3800000,5999962.80863405,-2199962.80863405,2199962.80863405
1000000,2372507.032148443,-1372507.0321484432,1372507.0321484432
45000000,32750013.673756957,12249986.326243043,12249986.326243043
10000000,6852082.903677005,3147917.0963229947,3147917.0963229947
5700000,10598535.471377173,-4898535.471377173,4898535.471377173
55000000,80428982.14285715,-25428982.14285715,25428982.14285715
6500000,8624339.677759903,-2124339.6777599026,2124339.6777599026
1650000,3645067.9565938357,-1995067.9565938357,1995067.9565938357
10000000,8808049.343001373,1191950.656998627,1191950.656998627
29000000,33728341.80976874,-4728341.809768736,4728341.809768736
25000000,34743258.576481,-9743258.576481,9743258.576481
6400000,6340150.848436123,59849.15156387724,59849.15156387724
47500000,48217252.10700741,-717252.1070074067,717252.1070074067
1800000,5137049.418946464,-3337049.4189464636,3337049.4189464636
7000000,6504938.398204273,495061.6017957274,495061.6017957274
11000000,15767373.083762929,-4767373.083762929,4767373.083762929
9200000,4948536.153435539,4251463.846564461,4251463.846564461
25000000,33812141.53223299,-8812141.532232992,8812141.532232992
17500000,16973873.828353368,526126.1716466323,526126.1716466323
42500000,28416549.441052776,14083450.558947224,14083450.558947224
3300000,3284216.4923239006,15783.507676099427,15783.507676099427
24000000,19725067.213902052,4274932.7860979475,4274932.7860979475
5500000,6509654.253382041,-1009654.2533820411,1009654.2533820411
220000000,115929773.8095238,104070226.1904762,104070226.1904762
34000000,28420229.609865006,5579770.390134994,5579770.390134994
2600000,21890530.870937925,-19290530.870937925,19290530.870937925
27500000,25530869.32028774,1969130.6797122583,1969130.6797122583
2850000,4212391.062688682,-1362391.0626886822,1362391.0626886822
2400000,2247778.563327903,152221.43667209707,152221.43667209707
14300000,15341962.38917104,-1041962.3891710397,1041962.3891710397
1550000,2817295.081919036,-1267295.0819190359,1267295.0819190359
16000000,14059870.291213937,1940129.708786063,1940129.708786063
17500000,12890916.907922661,4609083.092077339,4609083.092077339
9500000,18955780.09997432,-9455780.09997432,9455780.09997432
16000000,4534670.963897917,11465329.036102083,11465329.036102083
16500000,15134803.766903408,1365196.2330965921,1365196.2330965921
10300000,13579408.608058607,-3279408.608058607,3279408.608058607
21000000,18432350.00267608,2567649.997323919,2567649.997323919
3400000,5348631.668049213,-1948631.6680492125,1948631.6680492125
10000000,7512117.766977424,2487882.233022576,2487882.233022576
6000000,7570399.43545987,-1570399.43545987,1570399.43545987
30000000,28573058.10272144,1426941.8972785585,1426941.8972785585
4400000,5899068.289506051,-1499068.2895060508,1499068.2895060508
15000000,7667101.965830174,7332898.034169826,7332898.034169826
17500000,7908239.584764936,9591760.415235065,9591760.415235065
33500000,32709423.85846766,790576.1415323392,790576.1415323392
14000000,20213267.36504193,-6213267.36504193,6213267.36504193
16000000,11403199.254391449,4596800.745608551,4596800.745608551
2300000,3669298.5860869964,-1369298.5860869964,1369298.5860869964
65000000,64245937.50000001,754062.4999999925,754062.4999999925
2000000,2270131.7737053493,-270131.7737053493,270131.7737053493
26500000,13432593.674778197,13067406.325221803,13067406.325221803
14200000,15424976.633221976,-1224976.6332219765,1224976.6332219765
15000000,15631691.843406456,-631691.8434064556,631691.8434064556
43200000,47204259.18905011,-4004259.189050108,4004259.189050108
38500000,29644277.24179575,8855722.758204252,8855722.758204252
17000000,16017398.726206832,982601.2737931684,982601.2737931684
25000000,15091066.612460108,9908933.387539892,9908933.387539892
60000000,75997129.76190476,-15997129.761904761,15997129.761904761
3000000,3284216.4923239006,-284216.4923239006,284216.4923239006
170000000,125366523.80952384,44633476.190476164,44633476.190476164
12500000,22682664.443062276,-10182664.443062276,10182664.443062276
20000000,21935687.22668631,-1935687.22668631,1935687.22668631
18800000,29114794.68415007,-10314794.68415007,10314794.68415007
42500000,31060949.453815885,11439050.546184115,11439050.546184115
6200000,6316358.104818609,-116358.10481860861,116358.10481860861
5700000,7630882.009168192,-1930882.0091681918,1930882.0091681918
12500000,10096792.2177676,2403207.7822324,2403207.7822324
2300000,2148600.5003664717,151399.4996335283,151399.4996335283
22500000,19727294.362733945,2772705.6372660547,2772705.6372660547
6000000,8744049.255523479,-2744049.2555234786,2744049.2555234786
17200000,16152315.766805122,1047684.2331948783,1047684.2331948783
4800000,8962239.626208572,-4162239.6262085717,4162239.6262085717
37500000,56861195.71833243,-19361195.718332432,19361195.718332432
13500000,18999273.200008158,-5499273.200008158,5499273.200008158
39000000,37324254.99401912,1675745.005980879,1675745.005980879
5000000,17342645.21987363,-12342645.21987363,12342645.21987363
26000000,28840920.840663895,-2840920.840663895,2840920.840663895
2200000,5543854.120110184,-3343854.120110184,3343854.120110184
3800000,4153290.5761900167,-353290.5761900167,353290.5761900167
2100000,2182589.3343173782,-82589.33431737823,82589.33431737823
24900000,15748538.955750424,9151461.044249576,9151461.044249576
5200000,6152425.279510319,-952425.2795103192,952425.2795103192
4100000,6629551.900665687,-2529551.9006656874,2529551.9006656874
73700000,153275208.3333333,-79575208.33333331,79575208.33333331
11000000,6307809.146346272,4692190.853653728,4692190.853653728
25000000,15854542.890730046,9145457.109269954,9145457.109269954
50000000,43667582.49491088,6332417.505089119,6332417.505089119
25000000,49999811.097598046,-24999811.097598046,24999811.097598046
15800000,15847997.436184593,-47997.436184592545,47997.436184592545
55000000,65017164.64682119,-10017164.646821193,10017164.646821193
11500000,16181934.526383441,-4681934.526383441,4681934.526383441
100000000,31891350.898491587,68108649.10150841,68108649.10150841
55300000,50442294.09126175,4857705.908738248,4857705.908738248
70000000,75629281.18972103,-5629281.189721033,5629281.189721033
1000000,9044706.529858468,-8044706.529858468,8044706.529858468
13100000,13244749.383769697,-144749.38376969658,144749.38376969658
16000000,19961307.401244693,-3961307.4012446925,3961307.4012446925
15800000,15627339.206453733,172660.79354626685,172660.79354626685
3000000,5382413.95185403,-2382413.9518540297,2382413.9518540297
9300000,24250871.15903672,-14950871.159036718,14950871.159036718
37500000,32881244.926838875,4618755.073161125,4618755.073161125
11000000,15700697.29975566,-4700697.299755661,4700697.299755661
2000000,2335822.4119466026,-335822.41194660263,335822.41194660263
2600000,2654927.909231427,-54927.909231427126,54927.909231427126
1700000,3185098.515094418,-1485098.515094418,1485098.515094418
32500000,33158598.389903814,-658598.3899038136,658598.3899038136
87500000,62560498.20440845,24939501.795591548,24939501.795591548
15000000,12707991.805504546,2292008.1944954544,2292008.1944954544
4600000,8787348.367679091,-4187348.367679091,4187348.367679091
8500000,7290960.576372397,1209039.4236276029,1209039.4236276029
14900000,15859662.890730046,-959662.8907300457,959662.8907300457
27500000,31718101.556384355,-4218101.556384355,4218101.556384355
25000000,22334577.39119032,2665422.6088096797,2665422.6088096797
15000000,5981916.3478217665,9018083.652178233,9018083.652178233
19000000,15676697.29975566,3323302.700244339,3323302.700244339
3600000,2194351.791377862,1405648.208622138,1405648.208622138
5890000,25166257.859782528,-19276257.859782528,19276257.859782528
26000000,22334577.39119032,3665422.6088096797,3665422.6088096797
22500000,23368928.91063905,-868928.9106390513,868928.9106390513
3500000,3965128.141282168,-465128.1412821682,465128.1412821682
60000000,57285926.096534185,2714073.903465815,2714073.903465815
16500000,13711352.053189041,2788647.946810959,2788647.946810959
18500000,16792215.903424036,1707784.0965759642,1707784.0965759642
8000000,3854299.1910320455,4145700.8089679545,4145700.8089679545
13000000,14064529.420651734,-1064529.4206517339,1064529.4206517339
4500000,6216103.834086283,-1716103.834086283,1716103.834086283
32500000,24090767.473721653,8409232.526278347,8409232.526278347
70000000,59033000.00000001,10966999.999999993,10966999.999999993
19000000,16146779.180364251,2853220.819635749,2853220.819635749
82500000,77849696.42857145,4650303.571428552,4650303.571428552
47500000,57968458.71943092,-10468458.719430923,10468458.719430923
7000000,6217914.980729954,782085.0192700457,782085.0192700457
